{
  "accuracy": 0.7448471926083866,
  "precision": 0.5145631067961165,
  "recall": 0.7085561497326203,
  "f1_score": 0.5961754780652418,
  "specificity": 0.7579864472410455,
  "roc_auc": 0.8146370314384664
}